size;time_run1_ms;time_run2_ms;time_run3_ms;time_run4_ms;time_run5_ms;time_run6_ms;time_run7_ms;time_run8_ms;time_run9_ms;med_ms
500;24;18;18;18;18;17;17;17;29;18
600;22;22;21;22;22;22;22;21;21;22
700;57;26;26;26;26;26;26;49;27;26
800;32;31;30;30;30;41;30;30;30;30
900;34;34;34;34;34;34;34;35;33;34
1000;38;39;38;38;39;39;37;37;38;38
1100;43;42;52;43;109;43;42;41;42;43
1200;48;56;51;52;55;54;55;54;64;54
1300;56;52;1089;74;64;62;60;61;61;61
1400;66;64;60;59;220;63;64;64;64;64
1500;150;69;69;79;112;70;64;60;61;69
1600;65;108;69;69;63;62;68;67;66;67
1700;68;64;65;156;68;69;69;67;67;68
1800;74;73;87;77;74;73;94;79;90;77
1900;85;82;109;88;88;87;77;80;78;85
2000;83;86;89;209;86;83;209;110;84;86
2100;87;87;91;87;86;150;88;117;120;88
2200;99;246;107;120;127;104;94;117;91;107
2300;205;105;119;92;106;98;97;97;97;98
2400;97;95;99;101;98;93;98;97;99;98
2500;100;103;105;137;108;111;118;104;99;105
2600;107;107;110;111;109;108;110;103;108;108
2700;114;113;116;120;121;114;114;121;134;116
2800;136;134;126;121;124;120;122;127;111;124
2900;136;130;507;204;172;133;124;124;124;133
3000;132;131;137;130;134;134;134;129;137;134
3100;133;133;133;135;133;132;132;146;137;133
3200;155;156;154;138;144;156;154;151;149;154
3300;140;141;156;158;154;145;143;143;145;145
3400;150;146;145;149;147;147;161;153;162;149
3500;157;170;164;150;151;153;155;159;165;157
3600;168;169;169;168;246;185;168;181;175;169
3700;166;160;162;166;160;164;160;162;168;162
3800;174;182;171;164;165;172;166;170;169;170
3900;170;183;171;174;171;171;170;171;177;171
4000;275;245;194;193;200;203;196;179;180;196
4100;191;201;182;188;200;188;203;203;191;191
4200;183;188;205;204;430;236;273;234;204;205
4300;257;217;213;205;203;205;214;206;211;211
4400;230;230;231;215;212;202;211;211;231;215
4500;233;202;203;214;222;293;204;189;205;205
4600;191;212;210;193;188;191;191;189;189;191
4700;199;193;197;195;190;195;198;197;198;197
4800;203;202;200;372;235;241;343;239;216;235
4900;236;242;231;234;225;251;215;203;204;231
5000;210;205;208;216;215;210;212;210;208;210
5100;212;213;212;209;219;208;212;216;214;212
5200;225;218;220;220;221;214;219;253;223;220
5300;252;271;251;229;219;225;225;226;221;226
5400;226;227;229;228;232;227;224;232;225;227
5500;230;239;235;235;238;232;234;230;234;234
5600;413;311;292;263;268;285;252;250;249;268
5700;272;404;254;243;247;245;243;245;244;245
5800;242;243;243;246;245;250;244;245;247;245
5900;251;258;255;253;251;249;255;247;247;251
6000;254;273;271;274;271;258;255;255;263;263
6100;267;263;265;260;257;251;259;251;258;259
6200;260;269;267;267;263;261;265;264;399;265
6300;286;274;267;272;270;282;266;264;264;270
6400;269;269;273;265;276;282;275;273;273;273
6500;278;283;278;276;275;274;277;280;280;278
6600;287;287;282;285;285;282;287;282;289;285
6700;303;290;291;285;287;287;283;290;296;290
6800;286;295;290;287;297;294;289;290;283;290
6900;366;518;337;336;340;307;304;295;295;336
7000;299;306;301;300;307;310;302;300;304;302
7100;299;308;302;309;314;310;311;311;316;310
7200;308;310;308;307;310;316;318;308;308;308
7300;314;313;311;315;311;309;314;311;314;313
7400;326;322;317;316;320;320;470;324;319;320
7500;326;323;328;328;329;333;330;324;326;328
7600;333;327;330;334;328;326;336;329;327;329
7700;336;334;334;336;333;329;325;333;328;333
7800;341;337;340;345;343;331;347;338;336;340
7900;342;342;345;349;343;346;344;342;854;344
8000;474;361;355;548;357;349;354;357;402;357
8100;356;352;350;350;350;356;355;357;353;353
8200;352;367;349;357;357;351;351;361;363;357
8300;361;367;359;394;360;361;366;367;364;364
8400;366;366;373;363;521;381;373;365;385;373
8500;376;385;381;372;370;372;367;372;372;372
8600;370;379;376;380;382;377;370;374;372;376
8700;389;386;381;378;369;387;385;380;377;381
8800;384;385;385;383;375;383;392;387;388;385
8900;635;445;426;404;404;414;407;427;440;426
9000;477;479;506;477;410;400;392;392;391;410
9100;420;404;414;426;446;438;428;440;406;426
9200;403;407;402;403;396;399;401;416;414;403
9300;441;435;409;417;410;419;407;409;406;410
9400;413;417;418;417;417;411;406;408;424;417
9500;420;420;419;415;417;417;409;412;427;417
9600;428;420;426;417;412;421;419;429;431;421
9700;425;424;532;483;461;456;468;464;447;461
9800;467;464;465;471;453;457;466;459;450;464
9900;465;481;468;469;470;473;469;473;465;469
10000;481;479;483;478;473;474;472;472;717;478
10100;573;687;732;483;483;477;475;487;486;486
10200;492;491;498;493;478;487;495;493;485;492
10300;487;483;481;490;490;493;488;526;456;488
10400;452;454;725;508;482;469;456;468;448;468
10500;467;465;472;472;473;464;468;468;475;468
10600;460;470;464;479;473;471;461;471;471;471
10700;476;471;478;480;475;475;470;475;649;475
10800;600;486;478;487;475;474;478;470;493;478
10900;489;484;484;485;484;475;480;481;486;484
11000;496;499;479;488;484;481;495;498;491;491
11100;496;492;503;485;609;496;503;495;510;496
11200;495;508;508;501;493;504;505;508;504;504
11300;502;505;504;508;516;502;496;514;513;505
11400;511;502;515;512;511;511;514;503;640;511
11500;505;519;533;519;506;522;518;519;512;519
11600;519;529;510;515;522;513;526;520;517;519
11700;517;523;525;530;533;521;530;526;515;525
11800;543;523;894;546;535;540;525;529;536;536
11900;540;537;540;534;535;523;524;540;534;535
12000;524;537;548;545;541;550;534;542;538;541
12100;529;538;559;546;752;540;532;591;609;546
12200;568;544;542;546;556;541;543;550;551;546
12300;552;552;553;560;556;559;552;545;539;552
12400;546;556;553;563;551;4678;3228;2486;728;563
12500;688;1856;767;1488;672;674;629;646;573;674
12600;558;574;577;575;626;1516;880;627;626;626
12700;622;612;617;607;632;625;619;610;601;617
12800;611;619;620;625;619;636;615;619;625;619
12900;618;623;786;663;823;697;623;637;619;637
13000;619;620;639;641;628;587;581;586;588;619
13100;578;598;586;582;594;592;589;583;579;586
13200;702;609;590;597;607;590;593;599;595;597
13300;607;607;592;600;599;597;608;608;589;600
13400;605;602;596;601;622;591;602;618;632;602
13500;767;799;842;648;634;615;620;623;607;634
13600;621;618;654;675;695;668;694;612;616;654
13700;637;621;635;671;617;758;619;653;617;635
13800;620;629;622;635;635;634;633;621;1133;633
13900;734;640;626;633;629;619;618;647;630;630
14000;635;706;676;684;690;693;672;674;693;684
14100;693;686;688;683;693;669;643;642;698;686
14200;654;649;644;643;644;1113;700;656;640;649
14300;648;640;670;660;649;637;647;647;651;648
14400;653;660;639;650;654;661;714;667;650;654
14500;677;1041;673;659;671;658;658;656;660;660
14600;664;668;671;666;665;699;657;664;674;666
14700;672;668;666;665;668;666;864;682;668;668
14800;668;662;672;670;675;674;685;669;670;670
14900;686;686;672;684;680;672;680;662;675;680
15000;687;670;758;702;674;684;683;696;684;684
15100;678;693;692;697;694;696;731;702;696;696
15200;690;698;680;697;703;697;1302;703;701;698
15300;709;704;702;706;695;688;681;690;691;695
15400;708;702;700;710;885;720;724;702;690;708
15500;759;729;755;763;759;721;718;737;771;755
15600;735;711;730;709;707;706;710;718;697;710
15700;716;719;734;723;979;736;736;708;713;723
15800;730;724;715;722;719;723;713;712;720;720
15900;718;724;735;747;728;732;722;923;789;732
16000;744;730;739;764;733;731;741;723;739;739
16100;731;737;775;823;776;715;734;735;734;735
16200;742;1151;749;728;733;729;738;732;743;738
16300;760;754;741;764;731;742;738;733;739;741
16400;745;748;745;746;941;745;770;810;765;748
16500;783;802;750;752;758;750;749;759;764;758
16600;777;753;752;763;761;768;900;767;758;763
16700;772;787;756;770;768;782;765;773;770;770
16800;776;758;776;766;790;780;782;779;770;776
16900;844;765;771;780;774;772;767;796;776;774
17000;774;775;781;785;796;789;783;778;773;781
17100;788;787;856;787;775;801;778;792;792;788
17200;786;795;797;792;797;783;793;788;789;792
17300;812;805;845;876;999;818;812;800;794;812
17400;790;803;796;790;806;814;791;818;798;798
17500;790;808;806;807;789;916;813;785;804;806
17600;815;817;797;809;820;812;802;820;814;814
17700;810;802;810;857;831;809;1402;818;814;814
17800;839;817;810;827;824;827;812;820;836;824
17900;825;822;818;831;827;825;840;813;838;825
18000;814;827;842;829;821;832;830;838;829;829
18100;820;846;827;818;830;826;841;921;833;830
18200;852;838;834;836;842;844;832;816;837;837
18300;840;859;835;834;838;840;854;921;860;840
18400;863;836;840;835;848;841;838;844;849;841
18500;839;855;865;833;857;843;845;837;1012;845
18600;852;864;839;860;839;843;855;852;853;852
18700;847;872;879;859;880;868;839;867;957;868
18800;860;877;867;874;855;843;859;870;867;867
18900;876;860;860;870;872;891;869;884;982;872
19000;868;877;891;873;852;883;874;872;864;873
19100;905;900;865;879;872;877;871;910;2056;879
19200;888;885;875;883;924;899;885;901;882;885
19300;887;891;878;889;894;1034;966;978;958;894
19400;948;942;954;922;888;878;908;876;889;908
19500;907;906;906;895;966;899;886;900;881;900
19600;904;882;902;897;917;908;918;914;911;908
19700;908;929;905;1140;1079;5490;2239;1096;1024;1079
19800;1237;906;920;902;909;933;917;973;920;920
19900;927;1348;927;1061;1154;928;931;916;937;931
20000;938;940;919;922;939;931;917;1139;1078;938
20100;933;918;1058;1087;1023;1010;1000;987;996;1000
20200;1003;1006;1000;999;1055;934;933;943;932;999
20300;973;952;934;938;929;939;922;935;913;935
20400;965;947;947;1266;1068;1008;1000;1037;1040;1008
20500;1016;1015;1042;1012;1017;1013;1046;1017;1002;1016
20600;1097;1041;999;1026;1015;1011;1041;1022;1044;1026
20700;1025;1041;1035;1036;1049;1055;1085;974;962;1036
20800;965;965;954;961;993;957;1016;953;973;965
20900;971;984;959;1128;1010;986;976;980;985;984
21000;965;984;978;970;965;979;971;976;977;976
21100;959;1025;1009;1000;975;970;971;997;977;977
21200;1006;983;992;993;985;977;998;982;1130;992
21300;1000;985;964;1003;984;984;957;987;961;984
21400;1019;995;993;980;979;1011;1053;1002;988;995
21500;1003;970;999;988;981;998;1002;995;1005;998
21600;989;1018;1011;997;1628;1002;1001;1029;1007;1007
21700;1028;1010;997;994;994;995;984;1015;1005;997
21800;1164;1002;1012;1009;1048;1017;1022;997;994;1012
21900;1016;1010;1036;1040;1029;1014;1175;1018;1017;1018
22000;1034;1022;1035;1021;1011;1023;1031;1036;1040;1031
22100;1029;1015;1011;1896;1070;1030;1039;1033;1048;1033
22200;1035;1028;1026;1043;1030;1029;1068;1213;1286;1035
22300;1033;1050;1036;1016;1041;1027;1029;1029;1033;1033
22400;1062;1047;1040;1040;1064;1278;1047;1056;1023;1047
22500;1060;1064;1044;1051;1043;1059;1061;1055;1035;1055
22600;1044;1134;1028;1070;1065;1062;1033;1063;1054;1062
22700;1040;1056;1056;1059;1068;1042;1101;1746;1050;1056
22800;1060;1067;1069;1053;1054;1067;1064;1045;1071;1064
22900;1046;1077;1071;1150;1084;1079;1069;1067;1075;1075
23000;1074;1076;1055;1091;1080;1125;1070;1066;1321;1076
23100;1053;1087;1084;1057;1080;1065;1080;1082;1083;1080
23200;1064;1098;1063;1067;1236;1201;1299;1206;1083;1098
23300;1086;1063;1101;1984;1106;1071;1064;1102;1337;1101
23400;1193;1274;1114;1134;1166;1174;1178;1175;1174;1174
23500;1166;1166;1234;1195;1167;1199;1167;1180;1169;1169
23600;1188;1178;1182;1203;1181;1172;1241;1219;1189;1188
23700;1192;1200;1169;1181;1153;1105;1111;1095;1117;1153
23800;1107;1106;1137;1263;1082;1096;1094;1113;1095;1106
23900;1142;1119;1104;1100;1116;1123;1130;1213;1197;1123
24000;1186;1181;1198;1177;1165;1110;1132;1138;1124;1165
24100;1128;1124;1133;1147;1130;1120;1120;1140;1139;1130
24200;1142;1126;1110;1120;1125;1119;1121;1204;1152;1125
24300;1148;1120;1123;1136;1145;1113;1117;1113;1137;1123
24400;1116;1123;1129;1178;1133;1145;1167;1147;1140;1140
24500;1151;1122;1160;1161;1149;1142;1123;1177;1184;1151
24600;1144;1167;1172;1153;1131;1119;1156;1143;1148;1148
24700;1157;1160;1311;1185;1161;1146;1136;1147;1164;1160
24800;1172;1164;1162;1173;1157;1148;1170;2048;1141;1164
24900;1152;1155;1173;1157;1142;1153;1130;1142;1167;1153
25000;1160;1295;1201;1185;1164;1173;1181;1153;1179;1179
25100;1195;1166;1191;1170;1195;1422;1163;1168;1158;1170
25200;1168;1187;1191;1149;1184;1176;1144;1189;1167;1176
25300;1238;1169;1154;1192;1180;1191;1181;1180;1190;1181
25400;1175;1206;1183;1181;1393;1819;1236;1185;1190;1190
25500;1205;1233;1247;1173;1374;1204;1178;1185;1329;1205
25600;1185;1173;1194;1202;1173;1212;1199;1196;1195;1195
25700;1206;1179;1406;1245;1203;1210;1209;1210;1231;1210
25800;1211;1202;1189;1212;1222;1207;1933;1320;1255;1212
25900;1215;1216;1198;1202;1218;1225;1208;1209;1214;1214
26000;1237;1382;1191;1223;1212;1220;1226;1195;1228;1223
26100;1205;1217;1226;1210;1286;1223;1232;1207;1223;1223
26200;1228;1219;1229;1222;1220;1242;1245;1219;1323;1228
26300;1226;1267;1258;1227;1222;1233;1209;1241;1248;1233
26400;1247;1254;1262;1535;1216;1247;1220;1255;1241;1247
26500;1258;1244;1251;1223;1248;1240;1352;1261;1255;1251
26600;1248;1247;1241;1291;1237;1271;1237;1255;1272;1248
26700;1247;1306;1245;1260;1272;1256;1247;1254;1249;1254
26800;1245;1256;1254;1270;2528;1280;1264;1259;1305;1264
26900;1287;1256;1276;1263;1248;1257;1254;1279;1388;1263
27000;1274;1288;1286;1263;1270;1246;1258;1237;1265;1265
27100;1278;1273;1468;1282;1267;1272;1293;1286;1261;1278
27200;1278;1266;1289;1284;1262;1322;1253;1295;1298;1284
27300;1263;1279;1254;1286;1294;1288;1296;1291;1352;1288
27400;1278;1262;1292;1289;1273;1300;1311;1284;1270;1284
27500;1303;1274;1333;1294;1295;1300;1257;1297;1329;1297
27600;1296;1279;1338;1273;1299;1394;1285;1309;1287;1296
27700;1300;1285;1306;1300;1317;1330;1288;1294;1815;1300
27800;1326;1307;1304;1288;1289;1286;1300;1300;1273;1300
27900;1308;1409;1317;1334;1317;1330;1306;1311;1320;1317
28000;1309;1327;1330;1310;1356;1301;1298;1324;1310;1310
28100;1305;1352;1301;1338;1315;1311;1314;1505;1323;1315
28200;1347;1307;1319;1309;1334;1318;1338;1323;1327;1323
28300;1361;1325;1339;1322;1313;1353;1364;1320;1312;1325
28400;1315;1350;1335;1436;1370;1330;1312;1324;1316;1330
28500;1342;1356;1343;1367;1333;1383;1348;1344;1347;1347
28600;1359;1319;1352;1360;1349;1339;1340;1342;1988;1349
28700;1361;1337;1344;1373;1352;1328;1363;1360;1338;1352
28800;1351;1609;1358;1346;1330;1342;1347;1324;1341;1346
28900;1334;1361;1363;1402;1615;1353;1384;1369;1369;1369
29000;1364;1378;1389;1350;1368;1353;1412;1368;1386;1368
29100;1371;1385;1371;1358;1400;1391;1361;1351;2799;1371
29200;1390;1477;1373;1374;1343;1365;1376;1369;1344;1373
29300;1663;1418;1386;1369;1366;1375;1407;1373;1384;1384
29400;1355;1383;1401;1582;1399;1404;1400;1381;1385;1399
29500;1361;1376;1405;1386;1378;2009;1396;1381;1393;1386
29600;1394;1420;1408;1375;1407;1415;1387;1611;1369;1407
29700;1404;1388;1403;1396;1396;1388;1376;1446;1409;1396
29800;1551;1409;1404;1415;1372;1403;1390;1405;1397;1404
29900;1422;1424;1419;1416;1419;1413;1394;1431;1398;1419
30000;1430;1410;1433;1399;1581;1413;1412;1426;1411;1413
30100;1404;1421;1409;1417;1442;1430;1542;1429;1420;1421
30200;1410;1431;1409;1417;1428;1419;1440;1414;1633;1419
30300;1452;1425;1398;1445;1441;1411;1422;1435;1408;1425
30400;2004;1451;1432;1448;1424;1446;1432;1437;1426;1437
30500;1466;1442;1572;1434;1424;1434;1415;1442;1431;1434
30600;1433;1433;1448;1446;1490;1441;1457;1469;1435;1446
30700;1425;1448;1433;1447;1425;1458;1748;1454;1472;1448
30800;1466;1441;1455;1447;1474;1435;1451;1802;1450;1451
30900;1454;1459;1453;1448;1460;1486;1492;1470;1642;1460
31000;1485;1464;1467;1477;1466;1466;1482;1490;1424;1467
31100;1480;1639;1489;1471;1484;1486;1466;1450;1471;1480
31200;1499;1476;2070;1477;1458;1472;1501;1481;1474;1477
31300;1462;1485;1508;1554;1459;1501;1468;1486;1451;1485
31400;1475;1498;1481;1477;1626;1461;1491;1471;1494;1481
31500;1475;1490;1476;1471;1494;1514;1781;1474;1495;1490
31600;1483;1474;1473;1483;1502;1489;1501;1514;1521;1489
31700;1480;1505;1526;1505;1532;1479;1477;1510;1481;1505
31800;1592;1481;1513;1500;1502;1489;1510;1495;1507;1502
31900;1509;1586;1487;1512;1484;1506;1509;1493;1504;1506
32000;1529;1500;2190;1491;1536;1512;1499;1475;1524;1512
32100;1535;1516;1482;1542;1504;1514;1513;1520;1508;1514
32200;1561;1518;1498;1622;1712;1570;1543;1508;1497;1543
32300;1525;1502;1530;1538;1524;1513;1553;1507;1535;1525
32400;1555;1552;1509;1526;1530;1520;1524;1791;1527;1527
32500;1522;1537;1548;1564;1534;1513;1549;1571;1632;1548
32600;1524;1569;1582;1562;1525;1517;1518;1554;1549;1549
32700;1529;1536;1544;1542;1568;1536;1550;1545;1558;1544
32800;2281;1545;1595;1538;1562;1574;1524;1551;1570;1562
32900;1847;1608;1554;1585;1581;1571;1565;1565;1557;1571
33000;1546;1635;1572;1543;1591;1565;1596;1557;1567;1567
33100;1564;1540;1565;1559;1550;1544;1559;1561;1553;1559
33200;1562;1544;1574;1691;1571;1537;1594;1573;1550;1571
33300;1578;1571;1576;1566;1985;1674;1612;1569;1576;1576
33400;1611;1762;1577;1583;1806;1683;1689;1687;1589;1683
33500;1562;1576;1586;1556;1600;2250;1567;1602;1541;1576
33600;1579;1577;1600;1584;1607;1872;1623;1597;1605;1600
33700;1617;1568;1586;1591;1609;1646;1598;1600;1563;1598
33800;1595;1601;1598;1623;1633;1576;1641;1635;1604;1604
33900;1616;1603;1624;1585;1615;1624;1611;1671;1600;1615
34000;1619;1588;1592;1639;1601;1617;1600;1615;1765;1615
34100;1575;1622;1602;1652;1634;1639;1584;1637;1857;1634
34200;1602;1622;1624;1622;1651;1655;1652;1636;1605;1624
34300;2300;1649;1638;1628;1626;1631;1613;1632;1639;1632
34400;2192;1642;1655;1645;1644;1619;1616;1651;1642;1644
34500;1806;1777;1661;1689;1634;1639;1652;1619;1647;1652
34600;1751;1665;1642;1695;1670;1661;1653;1650;1637;1661
34700;1734;1664;1615;1640;1648;1639;1674;1671;1639;1648
34800;1644;1773;1638;1660;1649;1640;1649;1645;1616;1645
34900;1672;1939;1664;1676;1615;1651;1686;1691;1640;1672
35000;1656;2261;1682;1687;1689;1669;1661;1626;1656;1669
35100;1675;1751;1671;1645;1671;1653;1619;1642;1666;1666
35200;1651;1832;1685;1698;1646;1653;1661;1629;1660;1660
35300;1651;1681;1688;1664;1671;1678;1679;1651;1695;1678
35400;1682;1682;1790;1668;1682;1708;1673;1683;1642;1682
35500;1697;1678;1691;1726;1682;1640;1656;1674;1691;1682
35600;1646;1673;2003;1896;1680;1707;1696;1692;1680;1692
35700;1706;1697;2272;1706;1699;1690;1682;1690;1736;1699
35800;1660;1898;1709;1729;2021;1815;1825;1794;1826;1815
35900;1790;1853;1682;1736;1713;1720;1685;1688;1666;1713
36000;1702;1772;1700;1671;1683;1718;1701;1700;1698;1700
36100;1697;2100;1728;1716;1725;1707;1739;1695;1694;1716
36200;1727;2201;1725;1733;1705;1732;1702;1726;1721;1726
36300;1744;1786;1733;1731;1708;1706;1716;1710;1682;1716
36400;1717;2194;1733;1707;1736;1737;1724;1705;1721;1724
36500;1717;1857;1761;1711;1746;1703;1734;1718;1729;1729
36600;1711;1844;1737;1737;1749;1744;1748;1718;1746;1744
36700;1740;1786;1741;1739;1745;1739;1724;1701;1742;1740
36800;1743;1758;1766;1774;1727;1711;1733;1719;1740;1740
36900;1737;1792;1748;1714;1750;1736;1738;1732;1754;1738
37000;1767;1893;1785;1759;1771;1752;1778;1759;1772;1771
37100;2324;1779;1740;1730;1737;1740;1744;1751;1741;1741
37200;1872;1772;1768;1760;1744;1740;1728;1754;1787;1760
37300;1849;1776;1763;1770;1767;1751;1776;1793;1756;1770
37400;1809;1767;1765;1783;1769;1744;1741;1775;1777;1769
37500;1851;1805;1739;1786;1788;1768;1770;1802;1872;1788
37600;1954;1802;1776;1763;1792;1785;1794;1887;2043;1794
37700;1786;1789;1777;1774;1794;1810;1785;1822;2534;1789
37800;1787;1819;1850;1833;1773;1794;1781;1986;1805;1805
37900;1789;1813;1837;1812;1799;1764;1845;1796;1799;1799
38000;1833;1811;1812;1848;1807;1794;2018;1818;1824;1818
38100;1765;1819;1788;1813;1804;1813;2095;1849;1846;1813
38200;1822;1782;1795;1777;1849;1857;2983;1833;1806;1822
38300;1872;1802;1825;1844;2081;1854;1830;1930;1871;1854
38400;1806;1852;1859;2453;1837;1815;1830;1791;1837;1837
38500;1795;1820;1801;1891;1794;1819;1836;1821;1805;1819
38600;1833;1830;1953;1833;1846;1781;1800;1837;1831;1833
38700;1839;1816;1892;1844;1826;1846;1838;1829;1831;1838
38800;1845;1972;1897;1827;1813;1887;1853;1827;1892;1853
38900;2031;1873;1830;1846;1853;1844;1867;1838;1827;1846
39000;1931;1872;1864;1853;1862;1835;1831;1867;2350;1864
39100;1850;1857;1876;1869;1859;1894;1872;2080;1850;1869
39200;1869;1866;1832;1848;1849;1861;1886;2105;1861;1861
39300;1878;1880;1867;1876;1882;1830;1915;1847;1851;1876
39400;1846;1861;1883;1874;1896;2081;1854;1874;1871;1874
39500;1835;1885;1863;1902;1981;1898;1899;1913;1855;1898
39600;1887;1880;2498;2123;1942;1941;1874;1879;1895;1895
39700;1934;1882;3421;2421;1899;1862;2025;2014;2017;2014
39800;2075;2048;2026;2422;2002;1993;1999;2159;2056;2048
39900;2089;2062;1910;1928;1897;1890;2056;2039;2037;2037
40000;2049;1960;1914;1905;1862;1939;1882;1910;1875;1910
40100;1901;1945;1906;1905;2048;1937;1886;1913;1929;1913
40200;1937;1930;1897;2026;1947;1915;1918;1898;1873;1918
40300;1915;1919;1917;2539;1956;1943;1888;1898;1911;1917
40400;1991;2079;1977;1938;1919;1910;1918;1889;1949;1938
40500;2541;1954;1934;1963;1995;1917;1916;1914;2071;1954
40600;2016;1905;1949;1942;1941;1907;1933;2021;1952;1942
40700;1927;1922;1974;1958;1922;1944;2035;1908;1929;1929
40800;1921;1955;1916;1955;1967;1939;1968;1957;1941;1955
40900;1973;1948;1969;1957;2530;2169;1953;1940;1937;1957
41000;1983;1928;1949;1995;1964;1953;1932;1955;1954;1954
41100;1990;1942;2034;1933;1899;1949;1960;1914;1987;1949
41200;1956;2082;1977;1956;1964;1966;1963;1950;1961;1963
41300;2024;1982;1939;1989;1961;1940;1993;1965;2065;1982
41400;1948;1987;1991;1944;1951;1947;1962;2083;2000;1962
41500;1979;1985;2006;1967;1996;2007;2521;1942;1992;1992
41600;1966;1950;1993;1988;2011;2222;2013;1995;1988;1993
41700;1979;1965;1987;2210;1983;2006;1974;1980;1975;1980
41800;2001;1983;2089;1982;2006;1988;1962;2007;1990;1990
41900;2037;2036;2001;1999;1999;1977;1996;2018;2245;2001
42000;2004;2000;1987;1962;2003;2056;2015;2448;2022;2004
42100;2019;1998;1967;2024;1978;1983;2331;2024;1975;1998
42200;1989;1964;1997;2013;2110;2007;2011;2022;2013;2011
42300;2028;2035;1997;2146;1999;2053;2043;2010;2035;2035
42400;2034;2088;2139;2044;2016;2014;2031;2048;1979;2034
42500;2040;1987;2045;2049;2039;1995;2001;2006;2081;2039
42600;1993;2078;2051;2022;2012;2019;2039;2664;2055;2039
42700;2058;2032;2035;2007;2060;2037;2161;2036;2122;2037
42800;2795;2055;2160;2307;2038;2024;2002;2004;2006;2038
42900;1993;2071;2147;2027;2055;2019;2058;2061;2039;2055
43000;2110;2047;2065;2083;2050;2087;2051;2040;2174;2065
43100;2090;2050;2062;2033;2048;2045;2037;2175;2077;2050
43200;2070;2075;2066;2106;2057;2602;2049;2047;2066;2066
43300;2064;2093;2081;4110;2137;2095;2059;2107;2061;2093
43400;2355;2326;2186;2080;2124;2288;2849;2211;2124;2211
43500;2099;2121;2100;2083;2057;2308;2351;2260;2254;2121
43600;2237;2202;2229;2411;2124;2134;2084;2085;2103;2134
43700;2147;2353;2080;2105;2054;2080;2050;2053;2030;2080
43800;2282;2104;2061;2092;2120;2085;2091;2612;2101;2101
43900;2101;2106;2097;2099;2094;2154;2076;2061;2095;2097
44000;2112;2117;2070;2091;2211;2082;2097;2060;2104;2097
44100;2115;2120;2137;2082;2135;2131;2102;2090;2085;2115
44200;2086;2152;2060;2135;2127;2130;2105;2122;2182;2127
44300;2095;2099;2107;2091;2111;2135;2100;2266;2103;2103
44400;2150;2103;2120;2142;2146;3106;2170;2125;2130;2142
44500;2119;2105;2113;2293;2127;2094;2085;2161;2119;2119
44600;2135;2077;2280;2117;2198;2121;2122;2110;2110;2121
44700;2340;2128;2166;2122;2117;2152;2084;2285;2123;2128
44800;2112;2146;2148;2148;2136;2145;2188;2128;2125;2145
44900;2116;2142;2136;2143;2186;2139;2174;2121;2128;2139
45000;2124;2142;2175;2913;2141;2127;2103;2102;2145;2141
45100;2130;2379;3232;2162;2216;2143;2388;2185;2133;2185
45200;2173;2137;2179;2147;2160;2135;2128;2135;2157;2147
45300;2135;2193;2157;2144;2345;2189;2158;2222;2185;2185
45400;2151;2167;2214;2157;2201;2193;2184;2178;2148;2178
45500;2290;2182;2122;2177;2172;2167;2205;2195;2761;2182
45600;2173;2177;2198;2207;2166;3165;2236;2265;2244;2207
45700;2169;2320;2285;2365;2265;2324;2290;2344;2230;2290
45800;2173;2507;2224;2196;2280;2183;2155;2205;2324;2205
45900;2163;2142;2203;2271;2230;2169;2356;2168;2229;2203
46000;2214;2173;2241;2184;2226;2177;2164;2203;2213;2203
46100;2223;2194;2741;2225;2204;2199;2218;2202;2213;2213
46200;2338;2201;2217;2209;2206;2149;2199;2428;2178;2206
46300;2218;2209;2221;2190;2225;2257;2205;2209;2218;2218
46400;2241;2174;2203;2315;2206;2229;2223;2211;2188;2211
46500;2227;2266;2203;2201;2214;2203;2223;2227;2216;2216
46600;2347;2195;2223;2212;2256;2217;2222;3182;2229;2223
46700;2213;2246;2217;2169;2457;2205;2231;2253;2201;2217
46800;2186;2184;2329;2199;2264;2267;2157;2246;2218;2218
46900;2293;2247;2236;2254;2256;2227;2209;2310;2239;2247
47000;2235;2269;2222;2209;2237;2656;2255;2257;2262;2255
47100;2251;2245;2235;2290;2242;2270;2239;2246;2241;2245
47200;2269;2907;2270;2236;2233;2277;2258;2254;2336;2269
47300;2270;2274;2273;2285;2267;2258;2536;2258;2287;2273
47400;2228;2235;2255;2269;2341;2249;2273;2230;2297;2255
47500;2320;2397;2322;2243;2254;2265;2224;2248;2307;2265
47600;2321;2277;2289;2252;2300;2303;2412;2278;2249;2289
47700;2232;2284;2254;2262;2972;2284;2298;2303;2284;2284
47800;2296;2439;2316;2293;2265;2303;2272;2270;2510;2296
47900;2306;2273;2259;2269;2310;2281;2376;2276;2288;2281
48000;2263;2309;2323;2292;2395;2260;2293;2270;2291;2292
48100;2313;2296;2414;2298;2320;2329;2281;2299;2299;2299
48200;2588;2376;2316;2323;2285;2314;3437;2294;2319;2319
48300;2282;2298;2314;2399;2437;2307;2332;2281;2314;2314
48400;2307;2556;2305;2352;2342;2300;2312;2297;2345;2312
48500;2462;2314;2279;2319;2292;2295;2528;2317;2338;2317
48600;2323;2299;2363;2487;2388;2293;2297;2295;2339;2323
48700;2369;2568;2331;2325;2336;2281;2354;2927;2565;2354
48800;2314;2310;2338;2338;2295;2479;2311;2341;2341;2338
48900;2285;2381;2440;2333;2333;2336;2370;2366;2345;2345
49000;2438;2334;2357;2339;2360;2321;2349;2421;2347;2349
49100;2354;2330;2305;2319;2444;2284;2338;2342;2361;2338
49200;2362;2334;2372;2345;2366;2363;2328;2326;2862;2362
49300;2346;2391;2367;2353;2324;2342;2411;2338;2366;2353
49400;2311;2387;2396;2343;2541;2347;2390;2361;2399;2387
49500;2331;2494;2358;2404;2367;2334;2346;2349;2505;2358
49600;2361;2375;2349;2360;2376;2514;2391;2400;2423;2376
49700;2413;2344;2369;2642;2372;2360;2340;2370;2373;2370
49800;2982;2387;2419;2346;2379;2337;2704;2360;2396;2387
49900;2389;2410;2369;2384;3548;2473;2392;2464;2396;2396
50000;2454;2422;2390;2345;2391;2402;2390;2477;2601;2402
50100;2572;2598;2581;2572;2899;2414;2384;2388;2381;2572
50200;2367;2388;2404;2410;2410;2358;2351;2397;2668;2397
50300;2465;2392;2405;2435;2352;2422;2587;2588;2491;2435
50400;2500;2497;2568;2647;2432;2396;2420;2375;2392;2432
50500;2400;2470;2425;2415;2413;2420;2445;2756;2446;2425
50600;2342;2724;2486;2420;2539;2429;2450;2419;2433;2433
50700;2382;2435;2539;2433;2446;2413;2420;2425;3044;2433
50800;2425;2426;2425;2399;2432;2424;2389;2423;2429;2425
50900;2472;2429;2395;2437;2464;2388;2434;2394;2421;2429
51000;2459;2462;2389;2418;2395;2408;2409;2599;2396;2409
51100;2417;2380;2501;2458;2429;2535;2443;2448;2437;2443
51200;2404;2438;2525;2423;2419;2404;2429;2482;2466;2429
51300;2921;2462;2476;2476;2462;2409;2468;2454;2444;2462
51400;2467;2424;2474;2726;2450;2436;2430;2463;2412;2450
51500;2443;2539;2493;2482;2421;2476;2386;2538;2503;2482
51600;2478;2504;2457;2469;2479;2615;2448;2431;2399;2469
51700;2429;2478;2995;2500;2471;2437;2473;2478;2982;2478
51800;2497;2492;2474;2455;2447;2628;2462;2457;2463;2463
51900;2503;2412;2488;2778;2611;2425;2478;2480;2506;2488
52000;2701;2490;2518;2484;2492;2443;2711;2517;2489;2492
52100;2456;2503;2489;2660;2495;2457;2445;2499;2506;2495
52200;2478;2543;2455;2520;2521;2568;2496;3085;2534;2521
52300;2505;2480;2459;2496;2678;2522;2487;2534;2523;2505
52400;2539;2571;2494;2473;2502;2504;2535;2499;2670;2504
52500;2466;2529;2516;2495;2546;2565;2573;2509;2515;2516
52600;2502;2536;2635;2509;2504;2478;2507;2542;2626;2509
52700;2534;2508;2530;2531;2555;2502;2598;2531;2558;2531
52800;2510;2508;2515;2696;2543;2514;2487;2512;2866;2514
52900;2653;2519;2547;2518;2577;2565;2703;2564;2546;2564
53000;2524;2552;2557;2636;2553;2542;2589;2568;2594;2557
53100;2764;2671;2553;2562;2520;2551;2637;2511;2581;2562
53200;2571;2540;2507;3823;2552;2557;2608;2585;2564;2564
53300;2670;2539;2521;2593;2574;2555;2624;2503;2594;2574
53400;2592;2584;2532;2770;2585;2546;2579;2578;2540;2579
53500;2697;2567;2589;2543;2588;2566;2638;2606;2579;2588
53600;2527;2617;2530;2626;2565;2538;2648;2602;2569;2569
53700;3164;2544;2534;2603;2517;2601;2749;2551;2557;2557
53800;2578;2546;2614;2600;2591;2603;2625;2586;2574;2591
53900;2648;2605;2624;2525;2588;2548;2704;2590;2570;2590
54000;2532;2606;2580;2620;2852;2573;2610;2621;2537;2606
54100;2613;2649;2591;2607;2577;2564;2569;3165;3107;2607
54200;2593;2625;2526;3086;2656;2602;2596;2601;2544;2601
54300;2910;2809;2796;2814;2756;3445;3647;2826;2819;2819
54400;2863;2876;2766;2785;2782;2789;2729;2727;2631;2782
54500;2574;2627;2655;2526;2683;2591;2639;2570;2602;2602
54600;2613;3468;2649;2618;2578;2647;2612;2693;2644;2644
54700;2616;2555;2611;2626;2693;2635;2613;2592;2643;2616
54800;2595;2666;2622;2625;2637;2611;2646;2752;2546;2625
54900;2633;2601;2545;2611;2943;2616;2684;2595;2597;2611
55000;2592;2744;2660;2676;2608;2597;2614;3297;2618;2618
55100;2677;2603;2596;2636;2708;2632;2650;2572;2609;2632
55200;2629;2702;2594;2605;2661;2673;2679;2670;2649;2661
55300;2609;2636;2677;2607;2888;2602;2622;2611;2630;2622
55400;2615;2871;2678;2649;2675;2659;2773;2614;2669;2669
55500;2650;2631;2669;3118;2657;2580;2708;2658;2587;2657
55600;2783;2736;2715;2698;2654;2838;2643;2666;2691;2698
55700;2644;2687;2838;2627;2642;2665;2631;2652;2703;2652
55800;2719;2684;2631;2730;2698;2804;2665;2675;2687;2687
55900;2690;2679;2797;2652;2624;2671;2675;2675;3102;2675
56000;2705;2680;2652;2661;2602;2681;2668;2701;2627;2668
56100;2631;2962;2674;2718;2718;2686;2703;2736;2611;2703
56200;2669;2678;2683;2680;2744;2671;2653;2675;2654;2675
56300;2646;2755;2671;2690;2697;2668;2632;2858;2707;2690
56400;2719;2732;2659;2665;3096;2690;2673;2692;2677;2690
56500;3073;2718;2678;2688;2731;2717;2925;2728;2700;2718
56600;2715;2695;2698;2845;2708;2690;2684;2672;2727;2698
56700;2883;2684;2739;2770;2742;2786;2753;2707;2696;2742
56800;2743;2742;2829;2723;2739;2712;2717;2694;3284;2739
56900;2733;2716;2740;2738;2832;2746;2697;2720;2721;2733
57000;2707;3134;2705;2709;2726;2714;2728;2705;2722;2714
57100;2712;2758;2759;2699;2858;2718;2736;2721;2740;2736
57200;2833;2783;2771;2810;2794;2756;2773;2693;2744;2773
57300;2796;2749;2747;3143;2714;2766;2713;2754;3010;2754
57400;2712;2713;2762;2730;2731;2835;2778;2784;2770;2762
57500;2750;2802;2854;2788;2739;2760;2767;2891;2819;2788
57600;2778;2754;2830;2770;3159;2863;2766;2749;2760;2770
57700;2821;2719;2744;2732;2746;2718;3360;2718;2729;2732
57800;2820;2773;2806;2808;2815;2715;2815;2740;2902;2808
57900;2742;2758;2787;2757;2729;2838;2754;2744;2772;2757
58000;2809;2778;2858;2782;2763;2766;2796;2844;2740;2782
58100;2797;2759;2777;2782;2956;2815;2734;2754;2814;2782
58200;2721;3366;2842;2799;3322;2773;2880;2858;2777;2842
58300;2789;2784;2809;2852;2760;2753;2774;2804;2934;2789
58400;2814;2757;2815;2825;2796;4122;3675;2799;2825;2815
58500;3021;2872;2738;2766;2836;2821;2889;2844;2825;2836
58600;2812;2804;2801;3735;2797;2761;2765;2818;2773;2801
58700;2861;2807;2826;2840;2881;2941;2809;2716;2871;2840
58800;2807;2805;2812;2801;2846;2829;2800;2890;2790;2807
58900;2849;2827;2872;2800;3161;2826;2833;2794;2827;2827
59000;3160;2910;2848;2816;2746;2843;3296;2812;2812;2843
59100;2794;2850;3108;2801;2815;2809;2826;2867;2921;2826
59200;2835;2847;2846;2836;2871;2848;2879;2817;2875;2847
59300;2839;2932;2806;2897;2896;2878;2979;2882;2880;2882
59400;2832;2836;2895;2799;2854;2803;2863;2753;3307;2836
59500;2880;2845;2837;2800;2951;2968;2841;2925;2897;2880
59600;3189;3814;2862;2859;2892;2898;3125;2837;2859;2892
59700;2854;2899;2921;2806;2874;2834;2874;2953;2889;2874
59800;2901;2846;2901;2844;3255;2844;2840;2868;2893;2868
59900;3394;2875;2944;2873;2906;2845;2923;2860;2864;2875
60000;2862;2934;3146;2889;2893;2848;2890;2848;3146;2890
60100;2897;2902;2866;2912;3007;2901;2861;2908;2911;2902
60200;2941;2892;2841;2935;2948;2936;2896;2886;2944;2935
60300;2894;2871;3437;2869;2879;2859;2903;2843;2979;2879
60400;2880;2840;2875;2882;3041;2937;2858;2922;2916;2882
60500;2935;2935;2908;2872;2913;2910;3049;2941;2881;2913
60600;2943;2929;2986;2905;2907;2924;2925;2874;2984;2925
60700;2962;2914;2899;2926;3501;2893;2856;2896;2940;2914
60800;3016;2924;2886;2930;2876;2945;2941;2901;2879;2924
60900;2917;2906;3130;3000;2977;2907;3031;2936;2897;2936
61000;2960;3001;2892;2945;3272;2947;2944;2940;2957;2947
61100;3023;2896;2977;2908;2911;3161;3006;2960;2914;2960
61200;2975;2992;3022;2921;2988;2939;2929;3127;2972;2975
61300;2961;2949;2992;3099;4709;2959;3002;2901;3148;2992
61400;2971;2951;2927;2921;2996;2963;2942;2965;2926;2951
61500;2967;2998;2933;2939;3011;2945;3657;2916;2975;2967
61600;3014;2926;2991;2995;2923;2982;2927;3021;3063;2991
61700;3011;2969;2969;2967;3072;2943;2998;3009;2943;2969
61800;2982;2958;2938;2985;3019;4459;2976;2992;2960;2982
61900;2997;3073;3010;2970;2994;2933;3633;2948;3005;2997
62000;3089;3024;3255;3228;3200;3032;3075;3086;2954;3086
62100;3009;3002;3036;3084;2993;2999;2953;2991;2977;2999
62200;3319;3023;2987;2947;2993;4348;3027;3115;3240;3027
62300;3167;3051;2982;2986;2973;2978;3205;2960;2950;2982
62400;3012;3029;3213;2995;3012;2968;2980;3116;3059;3012
62500;3059;2961;2969;2986;3009;2973;2998;3004;2968;2986
62600;3030;3001;3014;2975;2984;3130;3071;2986;3016;3014
62700;3029;3288;2974;2996;3009;3023;4086;3032;2998;3023
62800;3043;3019;3248;2996;3057;3058;2975;3036;3245;3043
62900;2990;3001;2980;3058;3056;3040;2979;3072;3019;3019
63000;3110;3016;3043;3024;3005;3221;3024;3050;3074;3043
63100;3066;3132;3031;2965;3024;2987;3436;3084;3018;3031
63200;3137;3059;2990;3189;3060;3032;3028;3012;3222;3059
63300;3044;3046;3026;3043;3258;3045;3032;3107;3044;3044
63400;3086;3025;3065;2993;3067;3139;3061;3019;2982;3061
63500;3012;3306;3092;3008;3063;3095;3500;3059;3062;3063
63600;3031;3016;3200;3069;3047;3109;3024;3079;3257;3069
63700;3088;3055;3098;3066;3280;3062;3059;3059;3098;3066
63800;3338;3120;3080;3055;3054;3144;3046;3061;3060;3061
63900;3075;3192;3051;3078;3095;3060;3545;3114;3049;3078
64000;3098;3059;3214;3067;3118;3093;3117;3147;3066;3098
64100;3078;3138;3102;3124;3054;3080;3118;3077;3214;3102
64200;3117;3073;3069;3092;3028;3136;3114;3055;3064;3073
64300;3049;3196;3068;3093;3114;3083;5225;3125;3040;3093
64400;3090;3269;3142;3108;3090;3097;3220;3053;3089;3097
64500;3184;3101;3184;3091;3146;3142;3049;3067;3350;3142
64600;3076;3190;3082;3109;3492;3099;3113;3065;3065;3099
64700;3188;3122;3148;3149;3495;3065;3141;3078;3120;3141
64800;3164;3190;3171;3128;3085;3073;3100;3098;3165;3128
64900;3138;3076;3235;3174;3141;3075;3117;4365;3231;3141
65000;3156;3136;3297;3130;3113;3147;3109;3229;3173;3147
65100;3114;3101;3149;3899;3140;3103;3132;3102;3159;3132
65200;3162;3123;3156;3105;3493;3192;3146;3084;3149;3149
65300;3240;3165;3122;3169;3223;3228;3163;3177;3137;3169
65400;3175;3161;3168;3200;3172;3183;3166;3168;3214;3172
65500;3172;3128;3743;3170;3152;3221;4250;3171;3149;3171
65600;3130;3159;3242;3143;3204;3203;3184;3333;3198;3198
65700;3136;3171;3174;3271;3162;3220;3210;3164;3858;3174
65800;3394;3191;3194;3168;3675;3145;3227;4396;3656;3227
65900;3157;3100;3158;3136;3248;3197;3113;3177;3205;3158
66000;3226;3163;3207;3213;3184;3228;3217;3110;3171;3207
66100;3181;3159;3133;3099;3155;3128;3393;3184;3195;3159
66200;3259;3292;3228;3138;3167;3255;3770;3221;3197;3228
66300;3140;3164;3585;3183;3236;3121;3206;3615;3184;3184
66400;3157;3203;3194;3327;3232;3175;3194;3184;3232;3194
66500;3172;3178;3161;3246;3526;3250;3164;3198;3351;3198
66600;3296;3266;3296;3266;3831;3193;3242;3252;3231;3266
66700;3226;3238;3153;3251;3190;3393;3289;3201;3212;3226
66800;3363;3191;3239;3209;3248;3324;3346;3205;3195;3239
66900;3307;3344;3316;3278;3253;3291;3849;3185;3280;3291
67000;3188;3744;3270;3278;3298;3287;3458;3289;3187;3287
67100;3475;3436;3647;3178;3216;3194;3317;3284;3280;3284
67200;3204;3236;3316;3160;3222;3264;3178;3391;3260;3236
67300;3185;3261;3275;3313;3257;3196;3291;3215;3630;3261
67400;3284;3236;3243;3279;3489;3331;3216;3233;3300;3279
67500;3232;3205;3269;3219;3279;3294;3262;3238;3309;3262
67600;3298;3263;3292;3330;3206;3356;3288;3312;3263;3292
67700;3213;3391;3202;3276;3291;3851;3335;3297;3258;3291
67800;3309;3325;3313;3263;3242;3305;3386;3342;3265;3309
67900;3316;3333;3284;3244;3283;3319;3291;3337;3324;3316
68000;3272;3231;4159;3289;3315;3321;3350;3385;3326;3321
68100;3373;3320;4366;3253;3262;3295;3277;3329;3288;3295
68200;3318;3286;3398;3315;3287;3329;3283;3300;3302;3302
68300;3308;3294;3322;3410;3258;3296;3319;3281;3577;3308
68400;3319;3301;3266;3261;3396;3308;3251;3212;3268;3268
68500;3837;3336;3308;3266;3422;3330;3393;3303;3351;3336
68600;3450;3286;3294;3247;3319;3424;3321;3306;3309;3309
68700;3457;3330;3406;3327;3335;3404;3315;3332;3292;3332
68800;3318;3388;3318;3314;3334;3340;3862;3340;3274;3334
68900;3368;3750;3503;3374;3407;3449;3765;3564;3341;3449
69000;3565;3502;3502;3525;3465;3486;3398;3280;3366;3486
69100;3343;3443;3331;3330;3325;3377;3734;3340;3335;3340
69200;3302;5066;3520;3407;3319;3389;3263;3595;3583;3407
69300;3586;3631;3345;3277;3308;3402;3327;3363;3268;3345
69400;3388;3347;3359;3346;3319;3314;3399;3346;3369;3347
69500;3351;3503;3340;3402;3368;3336;3870;3401;3357;3368
69600;3393;3447;3353;3308;3289;3278;3842;3387;3304;3353
69700;3362;3368;3603;3449;3350;3289;3270;3454;3402;3368
69800;3402;3415;3704;3339;3402;3282;3387;3505;3321;3402
69900;3350;3354;3955;3360;3384;3344;3350;3377;3359;3359
70000;3367;3395;3379;3460;3356;3362;3322;3612;3386;3379
70100;3338;3381;3351;3393;3369;3337;3409;3335;3506;3369
70200;3374;3428;3389;3479;3353;3374;3327;3307;3902;3374
70300;3374;3351;3397;3322;3437;3468;3391;3415;3583;3397
70400;3392;3372;3380;3404;3499;3405;3410;3356;3511;3404
70500;3456;3386;3330;3341;3486;3421;3410;3418;3358;3410
70600;3737;3342;3451;3375;3818;3495;3408;3441;3456;3451
70700;3386;3457;3398;3358;3409;3446;3347;3431;3390;3398
70800;3466;3430;3356;3378;3476;3387;3376;3493;3370;3387
70900;3425;3463;3418;3440;3403;3463;3412;3426;3416;3425
71000;3850;3437;3396;3415;3424;3471;3388;3457;3444;3437
71100;3439;3491;3403;3417;3423;3418;3440;3416;3422;3422
71200;3366;3486;3442;3475;3459;3597;3479;3470;3444;3470
71300;3512;3741;3440;3438;3454;3802;3448;3465;3394;3454
71400;3496;3656;3537;3459;3436;3541;3486;3453;3403;3486
71500;3464;3546;3448;3471;3482;3554;3499;3441;3467;3471
71600;3499;3591;3449;3420;3429;3577;4779;3527;3422;3499
71700;4095;3446;3428;3474;3404;3478;3424;3421;3465;3446
71800;3659;3543;3541;3457;3481;3619;3483;3503;3485;3503
71900;3630;3489;3469;3532;3484;3633;3463;3484;3475;3484
72000;3664;3456;3507;3518;3512;4003;3465;3503;3529;3512
72100;4052;3521;3472;3496;3477;3802;3469;3475;3468;3477
72200;4066;3557;3490;3460;3548;3457;3472;3450;3508;3490
72300;3561;3489;3576;3534;4592;3712;3529;3447;3524;3534
72400;4128;3504;3473;3561;3810;3485;3511;3659;3639;3561
72500;3525;3529;3634;3576;3485;3523;3495;3500;3734;3525
72600;3545;3574;3559;3600;3549;3498;3492;3505;3580;3549
72700;3513;3545;3484;4146;3497;3543;3551;3610;3507;3543
72800;3604;3542;3505;3888;3517;3480;3484;4039;3524;3524
72900;3539;3549;3804;3646;3509;3494;3608;3800;3468;3549
73000;3537;3563;3811;3701;3573;3532;3527;4117;3537;3563
73100;3512;3463;3624;3448;3576;3528;3698;3601;3550;3550
73200;3546;3529;3594;3533;3580;3521;3639;3470;3585;3546
73300;3491;3529;3582;3551;3639;3598;3841;3593;3518;3582
73400;3562;3967;3718;3519;3566;3477;3848;3817;3624;3624
73500;3545;3658;3827;3850;3862;3970;3665;3550;3578;3665
73600;3615;3644;3608;3551;3575;3606;3555;3515;3548;3575
73700;3663;3564;3569;3488;3567;4235;3641;3542;3544;3567
73800;3613;3580;3606;3522;3703;3559;3603;3542;3544;3580
73900;3671;3575;3603;3549;3644;3525;3519;3590;3639;3590
74000;3643;3576;3611;3498;3688;3587;3534;3564;4038;3587
74100;3615;3574;3621;3659;3798;3573;3581;3571;3648;3615
74200;3611;3615;3596;3643;3610;3621;3574;3639;3678;3615
74300;3628;3599;3589;3777;3647;3664;3620;3782;3668;3647
74400;3619;3575;3643;4610;3616;3602;3564;3697;3639;3619
74500;3577;3621;3713;3596;3588;3633;3609;3690;3687;3621
74600;3632;3623;3702;3581;3649;3605;3700;3631;3623;3631
74700;3635;3738;3589;3627;3648;3639;4146;3572;3582;3635
74800;3581;3679;3680;3611;3592;3586;3583;3666;3657;3611
74900;3618;3712;3648;3615;3590;3648;3578;3600;3630;3618
75000;3605;3660;3580;3630;3681;3698;3549;3594;3650;3630
75100;4175;3620;3664;3735;3633;3781;3587;3586;3586;3633
75200;3664;3629;3609;3625;3734;3629;3673;3631;3629;3629
75300;4004;3619;3676;3692;3636;3652;3629;3565;3695;3652
75400;3862;3575;3668;4196;3926;3641;3587;3994;3810;3810
75500;3654;3664;3783;3802;3721;3711;3576;3936;3641;3711
75600;3609;3676;3699;3684;3646;3612;3797;3729;3641;3676
75700;3659;3678;3810;3710;3719;3709;4239;3671;3717;3710
75800;3662;3793;3746;3763;3692;3994;3654;3666;3611;3692
75900;3908;3714;3673;3675;3672;4759;3714;3711;3661;3711
76000;3776;3673;3699;3700;3930;3647;3718;3713;4190;3713
76100;3736;3626;3696;3796;3657;3693;3638;3651;3790;3693
76200;3708;3695;3737;3844;3661;3723;3707;3836;3752;3723
76300;3686;3734;3831;3791;3730;3704;3654;3954;3719;3730
76400;3710;3679;4274;3705;3638;3762;3741;3724;3674;3710
76500;3662;3817;3724;3753;3640;3915;5767;3964;3976;3817
76600;3939;3670;3725;3730;3813;3747;3730;3682;3773;3730
76700;3723;3712;3705;4164;3701;3703;3745;3983;3801;3723
76800;3720;3793;3745;3753;3670;3700;3752;3677;3667;3720
76900;3718;3709;3727;3712;3706;3785;3731;3715;3725;3718
77000;3661;3709;3856;3704;3680;3700;4268;3690;3724;3704
77100;3774;3829;3742;3728;3728;3824;3735;3806;3733;3742
77200;3846;3684;3746;3706;3773;3749;3747;3781;3740;3747
77300;4196;3692;3790;3707;3837;3654;3721;3712;4208;3721
77400;3768;3764;3699;3962;3877;3771;3802;3807;3718;3771
77500;3705;3676;3843;3785;3705;3696;3798;3837;3664;3705
77600;3763;3714;3725;3747;3784;3696;3857;3708;3734;3734
77700;3722;4217;3826;3782;3776;3859;3939;3712;3802;3802
77800;3893;3776;3775;3775;3671;3765;3671;3719;3784;3775
77900;3867;3807;3747;3736;3854;3804;3809;3800;3854;3807
78000;3721;3778;3749;4146;3865;3784;3813;3956;3867;3813
78100;3807;3794;3742;3859;3782;3812;3863;3830;3772;3807
78200;3777;3731;3932;3834;3852;3827;4015;3670;3731;3827
78300;3795;4950;3788;3802;3704;4302;3788;3721;3734;3788
78400;3858;3800;3763;3727;3817;3802;3806;3780;4975;3802
78500;4056;3816;3910;3878;3823;3855;3797;3792;3769;3823
78600;3794;3788;3862;3890;3752;3868;3802;4125;3773;3802
78700;3807;3790;3861;3836;3835;3763;4044;3785;3801;3807
78800;3796;3997;3804;3821;3855;3911;3772;3690;3856;3821
78900;4172;3773;3817;3765;3927;3812;3825;3754;4553;3817
79000;3810;3860;3847;3774;3848;3732;3835;3886;3808;3835
79100;3813;3895;3933;3779;3754;3850;3808;3878;3764;3813
79200;3754;3835;3943;3779;3768;3806;4061;3811;3756;3806
79300;3797;4329;3866;3821;3915;3957;3870;3852;3862;3866
79400;3956;3952;3831;3861;3978;3810;3798;3898;3946;3898
79500;3965;3912;3835;4289;4045;3773;3789;3935;3781;3912
79600;3884;3917;3868;4366;3874;3877;3999;3812;3810;3877
79700;3896;3878;4070;3829;3834;3870;3914;3840;3930;3878
79800;3958;3981;3896;3873;3883;3913;3862;3835;3871;3883
79900;4131;4015;3862;3937;5575;3818;3919;3905;3877;3919
80000;3844;3878;3957;3811;3893;3785;3973;3843;3925;3878
80100;3932;3953;3865;3868;3860;4115;3940;3827;3943;3932
80200;4007;3905;3922;3810;4505;3851;3896;3890;3911;3905
80300;3835;3836;3889;4030;4040;3902;3842;4267;3944;3902
80400;3890;3931;4119;3914;3892;3952;3993;3849;3866;3914
80500;4067;4379;4205;4214;4173;4251;3830;3857;3837;4173
80600;4304;4145;3945;3878;4158;3867;3919;3851;4003;3945
80700;3921;3842;3895;3915;3886;3893;3888;4023;3832;3893
80800;3898;3932;3937;3938;3860;3914;4464;3928;3949;3932
80900;3906;4129;3934;3887;3940;4031;3933;3897;3998;3934
81000;4004;3907;3849;3910;3968;3946;3961;3912;3943;3943
81100;3947;3884;3853;5455;3942;3953;4396;3855;3943;3943
81200;3875;4051;3911;3954;3945;4003;4449;3970;3928;3954
81300;4141;3897;3942;4011;4123;4001;4042;3933;4114;4011
81400;3990;4014;3999;3931;3914;3893;3983;4225;3891;3983
81500;3863;4019;3940;3948;3903;3943;4313;4192;3855;3943
81600;3915;4088;3902;4021;4011;4218;4010;3919;3902;4010
81700;4003;3867;4005;3912;4285;4291;3981;4279;3902;4003
81800;3946;3974;4115;4325;4049;3955;4134;3972;3988;3988
81900;3949;4193;3971;4108;4003;4043;3936;4067;4002;4003
82000;4189;4015;3887;3904;4100;3911;4057;3964;4261;4015
82100;3942;3981;3984;4056;4019;3983;3976;4165;3933;3983
82200;3898;4034;4092;3986;3983;3962;4426;4149;3974;3986
82300;4045;4045;3969;3997;4253;4244;4232;4202;4417;4202
82400;3967;4018;3996;4136;3993;4068;4011;4005;4058;4011
82500;4048;4026;4221;4066;4057;4043;4060;3950;4026;4048
82600;3988;4134;4022;4024;4182;4104;3993;4028;4585;4028
82700;3988;3984;4068;4098;4012;4009;4002;4307;4017;4012
82800;4039;4013;4052;4078;4028;4054;4140;4027;4042;4042
82900;3965;4367;4095;4023;4201;4043;4017;4086;4571;4086
83000;3985;4066;4030;4116;4082;4018;4072;4204;3963;4066
83100;4054;4069;4306;4113;3966;4151;3986;4112;4043;4069
83200;4171;4069;4014;4001;4127;4046;4042;4013;4660;4046
83300;3991;4069;4088;4069;4054;4069;4002;4649;4103;4069
83400;4024;4253;4496;4084;4102;4129;4086;4054;3978;4086
83500;4159;4011;4043;4049;4238;4029;4062;3980;4752;4049
83600;3987;4069;4203;4223;4012;4049;4174;4097;4105;4097
83700;4073;4183;4048;4056;4062;4086;4104;4074;4095;4074
83800;4103;4064;4042;4081;4101;4084;4069;4699;5115;4084
83900;4113;4106;4342;4002;4032;4073;4120;4149;4090;4106
84000;4049;4035;4014;3997;4110;4256;4097;4071;4580;4071
84100;4133;4330;4255;4068;4073;3999;4101;4808;4047;4101
84200;4071;4040;4167;4071;4106;4340;4152;4073;4009;4073
84300;4198;4158;4127;4041;4199;4174;4024;4088;4216;4158
84400;4192;4042;4021;4190;4160;4153;5108;4210;4144;4160
84500;4131;4178;4198;4123;4087;4269;4141;3996;4162;4141
84600;3988;4055;4104;4164;4155;4068;4124;4377;4213;4124
84700;4082;4132;4197;4159;4130;4747;4170;4108;4067;4132
84800;4122;4089;4116;4195;4205;4097;4180;4101;4204;4122
84900;4181;4242;4180;4032;4154;4055;4156;4102;4110;4154
85000;4092;4153;4123;4103;4170;4549;4130;4042;4145;4130
85100;4144;4068;4094;4326;4109;4201;4068;4208;4102;4109
85200;4127;4175;4414;4157;4172;4197;4129;4170;4062;4170
85300;4138;4089;4080;4088;4664;4154;4145;4210;4183;4145
85400;4158;4055;4175;4180;4147;4127;4399;4162;4124;4158
85500;4170;4193;4141;4156;4101;4212;4142;4174;4288;4170
85600;4183;4150;4256;4658;4162;4108;4123;4383;4134;4162
85700;4147;4269;4189;4160;4133;4234;4175;4222;4203;4189
85800;4578;4103;4188;4268;4175;4197;4255;4241;4163;4197
85900;4241;4082;4682;4252;4163;4310;4113;4172;4101;4172
86000;4301;4227;4192;4272;4257;4177;4102;4215;4260;4227
86100;4192;4254;4287;4176;4118;4157;4304;4127;4194;4192
86200;4187;4831;4251;4198;4140;4178;4277;4168;4308;4198
86300;4246;4290;4251;4204;4213;4178;4245;4162;4224;4224
86400;4229;4326;4199;4261;4211;4249;4236;4216;4598;4236
86500;4223;4276;4217;5661;4270;4257;4267;4239;4154;4257
86600;4129;4214;4233;4212;4219;4343;4180;4179;4255;4214
86700;4306;4222;4227;4253;4140;4210;4214;5487;4217;4222
86800;4390;4285;4239;4176;4152;4238;4227;4181;4261;4238
86900;4249;4233;4197;4394;4209;4135;4186;4223;4150;4209
87000;4240;4232;4250;4222;4180;4700;4106;4184;4150;4222
87100;4608;4267;4157;4362;4185;4270;4194;4577;4242;4267
87200;4288;4302;4184;4246;4256;4361;4211;4107;4210;4246
87300;4219;4212;4217;4221;4938;4350;4198;4335;4278;4221
87400;4175;4303;4344;4259;4184;4336;4267;4239;4190;4259
87500;4511;4269;4264;4227;4262;4245;4148;4350;4264;4264
87600;4217;4337;4654;4313;4269;4198;4438;4277;4266;4277
87700;4422;4310;4201;4302;4357;4238;4245;4273;4225;4273
87800;4205;4233;4509;4223;4205;4332;4357;4215;4324;4233
87900;4712;4305;4453;4303;4354;4304;4328;4379;4180;4328
88000;4187;4329;4334;4316;4258;4195;4274;4249;4246;4258
88100;4596;4272;4231;4275;4310;4386;4314;4382;4941;4314
88200;4293;4240;4293;4158;4320;4259;4481;4291;4372;4293
88300;4365;4354;4336;4264;4326;4336;4299;4289;4623;4336
88400;4237;4324;4405;4357;4289;4202;4621;4317;4343;4324
88500;4361;4283;4385;4352;4402;4213;4338;4320;4317;4338
88600;4288;4258;4675;4363;4314;4291;4477;4291;4327;4314
88700;4366;4236;4301;4284;4959;4209;4207;4445;4298;4298
88800;4265;4341;4492;4331;4351;4229;4508;4316;4292;4331
88900;4258;4306;4293;4293;4462;4249;4221;4337;4384;4293
89000;4288;4204;4765;4310;4332;4313;4511;4263;4268;4310
89100;4780;4756;4359;4323;4444;4339;4330;4360;4299;4359
89200;4255;4265;4444;4328;4382;4509;4640;4438;4247;4382
89300;4570;4308;4231;4276;4380;4320;4352;4611;4380;4352
89400;4567;4345;4428;4292;4414;4618;4292;4333;4296;4345
89500;4429;4365;4356;4532;4238;4364;4318;4880;4294;4364
89600;4353;4424;4323;4398;4356;4707;4394;4499;4337;4394
89700;4356;4345;4361;4697;4351;4397;4344;4404;4302;4356
89800;4307;4516;4326;4277;4421;4933;4306;4309;4497;4326
89900;4332;4369;4381;4679;4293;4358;4426;4394;4340;4369
90000;4376;4511;4279;4426;4483;4480;4404;4389;4417;4417
90100;4331;4417;4878;4330;4295;4377;4366;4351;4326;4351
90200;4558;4361;4355;4441;4323;4345;4322;4344;4424;4355
90300;4328;4416;4296;4347;4326;4308;4547;4395;4446;4347
90400;4875;4390;4410;4459;4498;4384;4413;4365;4311;4410
90500;4382;4335;4442;4395;4350;4471;4403;4397;4372;4395
90600;8000;7796;4332;4441;4339;4505;4862;4427;4331;4441
90700;4782;4710;4622;4448;4557;4343;4421;4529;5390;4557
90800;4648;4793;4707;4714;4618;4817;4374;4369;4394;4648
90900;4654;4478;4370;4732;4452;4411;4539;4777;4671;4539
91000;4412;4457;4390;4390;4474;4450;4341;4285;4548;4412
91100;4373;4413;4483;4459;4435;4458;5193;5264;4377;4458
91200;4893;4344;4479;4371;4508;4501;4377;4523;4450;4479
91300;4432;4469;5713;4682;4483;4674;4733;4529;4554;4554
91400;4428;4433;4424;4599;4471;4449;5346;5842;4730;4471
91500;4722;4551;4739;4643;4681;4641;5226;5256;4801;4722
91600;4744;4585;4680;4863;5039;5177;4849;4793;4761;4793
91700;4780;4832;5139;4928;4852;4584;4553;4521;4705;4780
91800;4910;4802;5260;4973;4806;4702;4831;4677;4685;4806
91900;4800;5753;4856;4515;4748;4591;4762;5230;4927;4800
92000;4992;4993;4911;4658;4839;4547;4729;4951;5106;4911
92100;5011;5080;4797;4501;4913;4808;4880;5046;4599;4880
92200;4787;4568;5129;4711;4876;4913;4473;4561;4743;4743
92300;4856;4712;4856;5393;4931;4892;4793;4539;4690;4856
92400;4895;4747;4988;4994;4791;4848;4706;5457;4983;4895
92500;4975;5018;4844;5419;4888;4957;4565;4759;4839;4888
92600;4726;5306;5358;4768;4585;4494;4449;4510;4519;4585
92700;4583;4489;4795;4554;4431;4448;4516;4536;4576;4536
92800;5896;4536;4509;4446;5173;4526;4509;4539;4528;4528
92900;4483;4572;4481;4435;4499;4617;4536;4437;5140;4499
93000;4519;4521;4491;4583;4517;4491;4770;4472;4576;4519
93100;4461;4577;4526;4443;4972;4571;4565;4537;4521;4537
93200;4512;4416;4564;4481;4565;5115;4524;4564;4576;4564
93300;4588;4543;4489;4649;4616;4560;4478;4634;4623;4588
93400;4464;4635;4579;4530;4515;4521;4505;4540;4513;4521
93500;4571;4551;5607;4627;4618;4539;4523;4517;4483;4551
93600;4671;4647;4513;4524;4528;4591;4606;4581;4504;4581
93700;4520;4829;4460;4598;4708;4608;4707;4605;5154;4608
93800;4493;4534;4915;4968;4546;4681;4619;4600;4566;4600
93900;4572;4513;4474;5556;4849;4514;4751;4461;4639;4572
94000;4502;4551;4556;4619;5179;4645;4537;4615;4583;4583
94100;4519;4538;4665;4656;4564;4597;4531;4547;4530;4547
94200;4590;4630;4570;4616;5058;4925;4633;4620;4547;4620
94300;4535;5512;4576;4577;4627;4640;4615;4693;4514;4615
94400;4641;4542;4737;4603;4562;5090;4606;4516;4607;4606
94500;4733;4627;4512;4800;4683;4563;4987;4640;4502;4640
94600;4756;4739;4609;4616;4724;4641;4638;4673;4619;4641
94700;4605;4599;4823;4561;4677;4714;4611;4614;4687;4614
94800;4622;4599;4614;5126;4602;4674;4614;4589;4647;4614
94900;4710;4599;4612;4689;4759;4638;4701;4868;4570;4689
95000;4634;4657;4628;4590;4575;4788;4616;4690;4961;4634
95100;4678;4566;4913;4611;4602;4586;4936;4611;4679;4611
95200;4734;4669;4697;4752;4617;4631;4541;4719;4664;4669
95300;4619;4657;4656;4664;5209;4656;4632;4715;4559;4656
95400;4662;4612;4911;4753;4685;4856;4520;4669;4757;4685
95500;4574;4732;4714;4732;4673;4625;4690;4666;4707;4690
95600;4974;4708;4696;4673;5027;4611;4726;4946;4642;4708
95700;4638;4696;4594;4710;4704;4787;4583;4702;4692;4696
95800;4629;4594;4764;4701;4710;5215;4748;4612;4659;4701
95900;4872;4724;4711;4795;4594;4671;4735;4760;4619;4724
96000;4603;4654;4667;4688;4698;4781;4673;4738;5068;4688
96100;4922;5163;5010;5089;5033;4788;4616;4630;4817;4922
96200;4682;4721;4788;4640;4650;4605;4734;4674;4691;4682
96300;5915;4610;4743;4697;4715;4673;5221;4699;4644;4699
96400;4859;4725;4578;4781;4728;4726;4713;4713;4694;4725
96500;4685;4738;4686;4723;4678;4796;4696;4721;4753;4721
96600;4688;4787;5866;4710;4946;4712;4632;4628;4677;4710
96700;4836;4661;4696;4711;4674;4746;4932;4714;4744;4714
96800;4635;4912;4751;4859;4823;4658;4603;5245;4681;4751
96900;4748;4801;4694;4702;4729;4898;4741;4762;5753;4748
97000;11763;4704;4808;4670;4923;4800;4685;4853;4737;4800
97100;4663;5326;4782;4738;4780;4661;4772;4630;4761;4761
97200;4667;4643;4724;4717;4715;4782;4682;4673;4758;4715
97300;5210;4676;4757;4778;4733;4695;5349;4839;4771;4771
97400;4825;4702;4719;4667;5300;4737;4710;4745;4710;4719
97500;4746;4821;4769;4713;4824;4731;4783;4804;4833;4783
97600;4783;4803;5295;4754;4707;4944;5099;4777;4924;4803
97700;4814;4787;4949;4920;4702;4814;4929;4824;4781;4814
97800;4873;4704;4860;4912;4896;4855;5442;4820;4803;4860
97900;4839;4829;4716;4764;5243;4806;4850;4813;4759;4813
98000;4850;4923;4791;4789;4886;4829;4876;4817;4810;4829
98100;4774;4830;5363;4790;4855;5069;4813;4856;4950;4855
98200;4810;4788;4880;4839;4685;4779;4831;4775;4725;4788
98300;4841;4772;4736;4812;4780;4871;5579;4813;4791;4812
98400;4817;4853;4795;4823;4904;4839;4825;4815;4769;4823
98500;4870;4701;4692;4804;5027;4853;4827;4914;6197;4853
98600;4900;5204;4874;4875;4778;4834;4793;4862;5441;4874
98700;4866;4796;4810;4855;4840;5130;4946;4884;4905;4866
98800;4926;4810;4865;4945;4867;4791;5255;4824;4815;4865
98900;4884;4806;4857;5079;4929;4874;4941;4754;4896;4884
99000;4904;4849;4891;4872;5004;4847;4771;5417;5073;4891
99100;4909;5297;4777;4775;5102;4818;4826;4847;4803;4826
99200;4938;5009;4828;4844;4752;4901;4778;4887;4918;4887
99300;4867;4819;5045;4744;4838;5308;4888;4786;4967;4867
99400;4795;4858;4889;4981;4849;4838;4912;4948;4866;4866
99500;4971;4869;4807;5057;4870;4841;5095;4845;4871;4870
99600;5312;5024;4826;4916;4900;4952;4869;4939;4870;4916
99700;4959;5056;4845;4877;4933;4778;4753;4884;4947;4884
99800;4873;4925;4776;4885;4829;5349;4913;4804;4976;4885
99900;4918;4918;4904;4865;4862;4966;4810;4828;4894;4894
100000;4896;4890;5164;4838;4851;4811;5151;4999;4835;4890
